%trk_id,qual,P_rng1,P_AZ,P_EL,P_HGT,P_TIME,M_rng1,M_AZ,M_EL,M_TIME,F_X,F_Y,F_Z,F_VX,F_VY,F_VZ,F_AX,F_AY,F_AZ,rng1_MIN,rng1_MAX,AZ_MIN,AZ_MAX,EL_MIN,EL_MAX,F_TIM
57,14,26.907516,304.740509,0.02466,0.011581,54272.85156,26.909941,304.517181,0.01,54272.875,-22155.24023,15273.03027,6.664073,24.346334,37.079971,6.316395,0,0,0,25.39962,28.412745,303.820526,305.820526,0,2.524019,54272.875
57,14,26.909992,304.628204,0.1,0.046967,54273.375,26.909018,304.622528,0.068961,54273.35156,-22143.56836,15289.60254,25.939049,24.14517,36.292767,12.764451,0,0,0,25.414856,28.404543,303.601288,305.601288,0,2.517078,54273.35156
57,14,26.90881,304.698059,0.07435,0.034918,54274.05469,26.907703,304.605042,0.01,54274.05469,-22140.59375,15291.81055,13.332464,17.274601,25.869249,4.128242,0,0,0,24.891602,28.928164,303.692657,305.692657,0,2.575294,54274.05469
57,14,26.908344,304.664734,0.032784,0.015397,54274.55469,26.908058,304.628906,0.01,54274.51563,-22138.64844,15294.76074,7.754069,14.596327,21.874474,1.070597,0,0,0,24.891602,28.928164,303.692657,305.692657,0,2.575294,54274.51563
57,14,26.908384,304.667145,0.01765,0.008289,54275.01563,26.908415,304.497253,0.014194,54275.04688,-22163.88867,15258.91895,7.130021,1.573666,3.157959,0.606761,0,0,0,24.891602,28.928164,303.692657,305.692657,0,2.575294,54275.04688
57,14,26.908846,304.54953,0.1,0.046965,54275.54688,26.910234,304.65036,0.01,54275.53125,-22144.65234,15288.85645,5.478852,8.957141,14.504085,-0.175222,0,0,0,25.585629,28.231565,303.545776,305.545776,0,2.515182,54275.53125
57,14,26.910187,304.639679,0.1,0.046967,54276.03125,26.891668,304.454742,0.01,54276.05469,-22164.59766,15237.68359,4.892701,-0.817789,-8.871795,-0.374679,0,0,0,25.071594,28.748781,303.639679,305.639679,0,2.511479,54276.05469
57,14,26.894968,304.49939,0.010024,0.004705,54276.55469,26.909088,304.73468,0.147594,54276.54297,-22128.35352,15303.79395,50.853191,13.850657,19.353989,18.088305,0,0,0,25.071594,28.748781,303.639679,305.639679,0,2.511479,54276.54297
57,14,26.904713,304.69278,0.127556,0.059897,54277.04297,26.909769,304.68222,0.01,54277.06641,-22126.46484,15312.64356,20.472351,11.834538,19.023211,2.315016,0,0,0,25.077837,28.731588,303.69278,305.69278,0,2.627556,54277.06641
57,14,26.908998,304.714417,0.04661,0.021891,54277.67969,26.910213,304.671051,0.063532,54277.70703,-22128.23047,15312.84668,27.567574,8.226727,14.441765,4.586313,0,0,0,25.077837,28.731588,303.69278,305.69278,0,2.627556,54277.70703
57,14,26.910629,304.70105,0.1,0.046968,54278.20703,26.911234,304.729858,0.115633,54278.19922,-22119.65234,15327.0957,44.904808,10.013921,17.25396,10.6052,0,0,0,25.247816,28.573441,303.70105,305.70105,0,2.563577,54278.19922
57,14,34.496922,303.68512,0.383265,0.230757,54366.77344,34.491108,303.627136,0.083879,54366.75391,-28714.98047,19109.74219,101.879669,179.030411,86.24897,-71.996628,0,0,0,33.000011,36.192825,302.387634,304.387634,0,2.91575,54366.75391
57,14,34.442036,303.785889,0.109596,0.065881,54367.25391,34.446518,303.678345,0.768014,54367.25781,-28651.95898,19114.93945,349.104614,168.429245,71.07531,41.307014,0,0,0,32.818287,36.065784,302.785889,304.785889,0,2.609596,54367.25781
57,14,17.00959,310.514648,0.01,0.002969,54405.73828,17.004343,310.531006,0.01,54405.74609,-12926.26758,11050.35156,2.968079,-9.025149,-14.00526,-0.000392,0,0,0,15.402187,18.618437,309.573059,311.573059,0,2.51,54405.74609
57,14,17.004725,310.498505,0.1,0.029679,54406.24609,17.004076,310.481415,0.01,54406.23828,-12932.78516,11040.29102,2.967803,-9.827875,-15.229201,-0.000424,0,0,0,15.373162,18.636288,309.498505,311.498505,0,2.51,54406.23828
57,14,17.003059,310.456024,0.01,0.002968,54406.73828,17.004457,310.516785,0.01,54406.74219,-12930.09375,11043.11914,2.967767,-6.782002,-11.048415,-0.000354,0,0,0,15.373162,18.636288,309.498505,311.498505,0,2.51,54406.74219
57,14,17.003044,310.477875,0.1,0.029676,54407.24219,17.005358,310.422028,0.053808,54407.23828,-12942.42871,11029.66309,12.256645,-10.364102,-14.223886,3.717208,0,0,0,15.367577,18.638514,309.477875,311.477875,0,2.51,54407.23828
57,14,17.004042,310.408386,0.047562,0.014115,54407.73828,17.009548,310.491882,0.01,54407.75781,-12939.11914,11038.56836,6.153204,-6.963486,-7.811372,0.530727,0,0,0,15.367577,18.638514,309.477875,311.477875,0,2.51,54407.75781
57,14,17.008078,310.450409,0.1,0.029685,54408.25781,17.002037,310.482697,0.022172,54408.24609,-12934.86816,11037.06836,6.533531,-3.866778,-6.848394,0.576736,0,0,0,15.388234,18.627922,309.450409,311.450409,0,2.521622,54408.24609
57,14,17.003006,310.460449,0.022988,0.006822,54408.74609,17.006786,310.517731,0.021757,54408.75781,-12930.97266,11044.62793,6.562032,-1.532403,-2.451205,0.472735,0,0,0,15.388234,18.627922,309.450409,311.450409,0,2.521622,54408.75781
57,14,17.005487,310.496552,0.1,0.02968,54409.25781,17.002142,310.566559,0.059434,54409.28125,-12920.27441,11053.12695,14.54222,3.0589,1.442112,3.571881,0,0,0,15.381739,18.629238,309.496552,311.496552,0,2.522906,54409.28125
57,14,17.002407,310.551758,0.055024,0.016328,54409.78125,17.002092,310.593109,0.01,54409.80469,-12912.88086,11060.36621,6.782097,5.407388,4.051905,-0.248539,0,0,0,15.381739,18.629238,309.496552,311.496552,0,2.522906,54409.80469
57,14,17.001448,310.592407,0.1,0.029673,54410.30469,17.009106,310.613739,0.01,54410.26563,-12911.3877,11069.38867,4.02258,4.92249,6.852942,-1.303188,0,0,0,15.424871,18.578621,309.587891,311.587891,0,2.522607,54410.26563
57,14,17.00728,310.621826,0.011357,0.003371,54410.76563,17.001024,310.587799,0.01,54410.80859,-12910.22656,11064.42481,3.082503,4.40186,3.493687,-1.418642,0,0,0,15.424871,18.578621,309.587891,311.587891,0,2.522607,54410.80859
57,14,17.002274,310.606781,0.1,0.029675,54411.30859,16.999432,310.549591,0.01,54411.28906,-12914.37402,11055.6377,2.797467,1.85955,-0.723805,-1.248839,0,0,0,15.429525,18.575462,309.602936,311.602936,0,2.508987,54411.28906
57,14,16.999298,310.567047,0.007324,0.002173,54411.78906,16.998833,310.444122,0.01,54411.81641,-12930.13379,11035.26172,2.740275,-4.824106,-8.736202,-1.02183,0,0,0,15.429525,18.575462,309.602936,311.602936,0,2.508987,54411.81641
57,14,16.99798,310.462738,0.1,0.029667,54412.31641,16.998411,310.516724,0.01,54412.35156,-12925.3457,11039.79688,2.756303,-1.940617,-5.171875,-0.810942,0,0,0,15.433256,18.563568,309.469818,311.469818,0,2.508254,54412.35156
57,14,16.997343,310.492554,0.007924,0.002351,54412.85156,16.998947,310.517731,0.01,54412.85547,-12923.7207,11042.01172,2.791034,-0.901304,-3.249933,-0.63477,0,0,0,15.433256,18.563568,309.469818,311.469818,0,2.508254,54412.85547
57,14,26.337116,320.910919,0.01,0.004597,54424.64063,26.326977,320.918243,0.01,54424.66016,-16599.85547,20437.88281,4.595429,-20.987514,-18.682938,-0.000225,0,0,0,24.590652,28.080339,319.974335,321.974335,0,2.51,54424.66016
57,14,26.329243,320.88559,0.1,0.045953,54425.16016,26.332102,320.93103,0.01,54425.12109,-16600.06445,20439.52734,4.595675,-16.871971,-14.28618,-0.000081,0,0,0,24.607836,28.050648,319.88559,321.88559,0,2.51,54425.12109
57,14,26.331059,320.894012,0.01,0.004596,54425.62109,26.334671,320.790009,0.4069,54425.56641,-16636.33984,20412.49414,134.906555,-28.011576,-22.246876,52.135635,0,0,0,24.607836,28.050648,319.88559,321.88559,0,2.51,54425.56641
57,14,26.333929,320.780792,0.35024,0.160974,54426.06641,26.327171,320.919922,0.01,54426.05469,-16612.08984,20426.73047,49.251877,-12.703887,-12.09748,7.436909,0,0,0,24.607836,28.050648,319.88559,321.88559,0,2.51,54426.05469
57,14,26.328304,320.861145,0.115274,0.05297,54426.55469,26.324888,320.88504,0.01,54426.54688,-16610.83984,20423.76172,18.40741,-9.662138,-10.864636,-6.39127,0,0,0,25.002108,27.655857,319.880188,321.880188,0,2.607179,54426.54688
57,14,26.324684,320.862579,0.033108,0.015212,54427.04688,26.323982,320.948547,0.01,54427.03125,-16593.46289,20435.73633,7.625856,-0.775235,-3.898651,-9.426298,0,0,0,25.002108,27.655857,319.880188,321.880188,0,2.607179,54427.03125
57,14,26.322908,320.920685,0.1,0.045942,54427.53125,26.331816,320.878174,0.01,54427.49609,-16608.69922,20429.92773,4.115019,-6.717397,-5.44312,-8.945269,0,0,0,24.973866,27.67449,319.924011,321.924011,0,2.516598,54427.49609
57,14,26.329285,320.88089,0.1,0.045953,54427.99609,26.31982,320.835968,0.043087,54427.98828,-16619.23047,20412.66602,14.040855,-9.587393,-11.263035,-3.184626,0,0,0,24.973866,27.67449,319.924011,321.924011,0,2.516598,54427.98828
57,14,26.321198,320.832977,0.1,0.045939,54428.48828,26.319273,320.85498,0.01,54428.47266,-16617.55469,20410.52539,6.835742,-6.998886,-9.865881,-5.430235,0,0,0,24.929256,27.715818,319.848785,321.848785,0,2.530562,54428.47266
57,14,26.318201,320.835999,0.008971,0.004121,54428.97266,26.31971,320.802826,0.01,54429,-16630.18945,20399.55664,4.458628,-10.653996,-12.281492,-5.295005,0,0,0,24.929256,27.715818,319.848785,321.848785,0,2.530562,54429
57,14,26.317898,320.794861,0.1,0.045933,54429.5,26.320877,320.871216,0.012861,54429.49219,-16617.41797,20410.87891,4.738592,-3.412718,-5.292389,-4.123763,0,0,0,24.937731,27.700855,319.812286,321.812286,0,2.509706,54429.49219
57,14,26.319029,320.842896,0.005827,0.002677,54429.99219,26.308952,321.037415,0.427349,54429.97656,-16564.7207,20442.50391,141.012299,18.356468,8.423639,51.222527,0,0,0,24.937731,27.700855,319.812286,321.812286,0,2.509706,54429.97656
57,14,26.309351,321.003174,0.362871,0.166624,54430.47656,26.309059,320.885529,0.01,54430.49609,-16585.64844,20422.53125,50.81736,6.310003,-1.254896,4.889957,0,0,0,24.906706,27.716705,319.981873,321.981873,0,2.807067,54430.49609
57,14,26.306578,320.923584,0.116006,0.053262,54430.99609,26.308243,321.053864,0.062838,54430.98828,-16550.0625,20449.80078,35.816231,19.287247,9.909836,-2.090005,0,0,0,24.906706,27.716705,319.981873,321.981873,0,2.807067,54430.98828
57,14,26.305582,321.039825,0.1,0.045912,54431.48828,26.306145,320.988129,0.01,54431.48047,-16553.86133,20444.4043,13.199871,13.908154,5.76707,-10.720427,0,0,0,24.914516,27.701078,320.016693,322.016693,0,2.578004,54431.48047
57,14,26.303837,321.018585,0.017077,0.00784,54431.98047,26.304981,321.044159,0.01,54431.98047,-16540.90625,20453.20703,5.517655,16.309961,8.13607,-11.649429,0,0,0,24.914516,27.701078,320.016693,322.016693,0,2.578004,54431.98047
57,13,25.398365,339.891235,2.169282,0.961381,54819.22266,26.606001,340.557983,1.516204,54819.16797,-8730.869141,23882.91211,951.084839,0,0,0,0,0,0,23.148365,27.648365,334.815491,344.96698,0,7.245022,54819.16797
57,14,27.240015,339.627197,0.1,0.047543,54911.98047,27.251423,339.229919,0.188172,54911.98047,-9594.253906,25501.78711,48.700218,261.978149,105.636238,-16.448711,0,0,0,25.835749,28.637936,337.954285,339.954285,0,2.552298,54911.98047
57,14,27.255474,339.916962,0.071836,0.034172,54912.86328,27.237623,339.475372,0.241362,54912.86328,-9476.251953,25542.58398,83.753532,215.078262,83.361481,3.387676,0,0,0,25.818457,28.675331,338.382751,340.382751,0,2.602409,54912.86328
57,14,27.245821,339.887756,0.179689,0.085447,54913.36328,27.221443,339.165955,0.163325,54913.38672,-9592.384766,25482.50391,79.837418,125.594635,42.612782,1.143239,0,0,0,25.699232,28.790482,338.774078,340.774078,0,2.678026,54913.38672
57,14,27.226162,339.511627,0.169216,0.080409,54913.88672,27.251423,339.458984,0.150453,54913.85547,-9549.442383,25513.03711,74.965096,117.651642,46.307705,-1.03478,0,0,0,25.699232,28.790482,338.774078,340.774078,0,2.678026,54913.85547
57,14,25.683487,339.778687,0.1,0.044826,54927.96875,25.68413,339.731445,0.0967,54927.96094,-8891.768555,24095.63477,21.458237,53.565907,10.725132,-53.630775,0,0,0,24.248165,27.136292,338.644318,340.644318,0,2.594878,54927.96094
57,14,25.679682,339.805145,0.1,0.044819,54928.46094,25.692623,339.820435,0.01,54928.46094,-8863.583008,24111.38867,1.671688,54.127117,14.886831,-50.818596,0,0,0,24.235949,27.131887,338.744934,340.744934,0,2.547869,54928.46094
57,14,25.686625,339.878479,0.1,0.044832,54928.96094,25.71604,339.725159,0.01,54928.94141,-8889.84375,24121.5957,-3.588772,32.793419,15.994016,-42.757214,0,0,0,24.235949,27.131887,338.744934,340.744934,0,2.547869,54928.94141
57,14,25.709452,339.809448,0.1,0.044871,54929.44141,25.692486,339.872559,0.01,54929.51563,-8856.405273,24126.33008,-9.469049,39.611412,14.687515,-36.556461,0,0,0,24.240099,27.1751,338.768982,340.768982,0,2.492002,54929.51563
57,14,25.700594,339.889679,0.1,0.044856,54930.01563,25.692486,339.825958,0.01,54929.99609,-8851.388672,24122.90234,-7.915125,33.694683,10.373401,-28.621782,0,0,0,24.240099,27.1751,338.768982,340.768982,0,2.492002,54929.99609
57,14,25.695879,339.894501,0.099984,0.044841,54930.49609,25.695293,339.738678,0.01,54930.51953,-8879.647461,24112.36719,16.019522,15.008535,3.324986,-40.15284,0,0,0,24.228378,27.16338,338.894501,340.894501,0,2.599984,54930.51953
57,11,25.695536,339.851776,0.099959,0.044829,54932.01953,26.411997,340.09137,0.01,54932.00781,-8960.391602,24673.3418,13.982035,-42.731369,295.442505,-56.411686,0,0,0,24.695536,26.695536,338.851776,340.851776,0,2.099959,54932.00781
57,11,26.257042,340.036102,0.1,0.045827,54933.50781,26.257042,340.036102,0.1,54933.50781,-8964.878906,24679.16406,45.827156,-42.731369,295.442505,-56.411686,0,0,0,25.257042,27.257042,339.036102,341.036102,0,2.026683,54933.50781
57,10,26.686338,340.245117,-0.149783,-0.069764,54933.99219,26.686338,340.245117,-0.149783,54933.99219,-9019.874023,25115.68555,-69.763512,-42.731369,295.442505,-56.411686,0,0,0,25.686338,27.686338,339.245117,341.245117,0,1.850217,54933.99219
57,11,26.98246,340.378448,0.099976,0.047082,54934.50391,27.281652,339.476013,0.01,54934.47656,-9424.740234,25511.95117,16.57975,-164.436951,328.62146,-66.628212,0,0,0,25.98246,27.98246,339.378448,341.378448,0,2.099976,54934.47656
57,11,27.207935,339.717834,0.1,0.047487,54935.97656,27.207935,339.717834,0.1,54935.97656,-9431.449219,25520.91797,47.486782,-164.436951,328.62146,-66.628212,0,0,0,26.207935,28.207935,338.717834,340.717834,0,2.1,54935.97656
57,10,27.771353,339.611176,0.1,0.04847,54936.54297,27.771353,339.611176,0.1,54936.54297,-9675.229492,26031.43555,48.470131,-164.436951,328.62146,-66.628212,0,0,0,26.771353,28.771353,338.611176,340.611176,0,1.818867,54936.54297
57,8,28.138842,339.524506,0.099981,0.049102,54937.05078,27.286324,339.100525,0.159806,54937.05469,-9763.456055,25726.66602,68.757462,-144.879898,160.413452,-61.78788,0,0,0,27.138842,29.138842,338.524506,340.524506,0,2.099981,54937.05469
57,8,27.523396,339.212769,0.139114,0.066827,54938.55469,27.523396,339.212769,0.139114,54938.55469,-9767.991211,25731.67773,66.826591,-144.879898,160.413452,-61.78788,0,0,0,26.523396,28.523396,338.212769,340.212769,0,2.139114,54938.55469
57,7,27.834486,338.974731,0.1,0.04858,54939.12109,27.834486,338.974731,0.1,54939.12109,-9986.436523,25981.28711,48.580318,-144.879898,160.413452,-61.78788,0,0,0,26.834486,28.834486,337.974731,339.974731,0,1.942291,54939.12109
57,6,27.93931,338.903107,-0.122346,-0.05966,54939.63281,27.93931,338.903107,-0.122346,54939.63281,-10056.63086,26066.5625,-59.659885,-144.879898,160.413452,-61.78788,0,0,0,26.93931,28.93931,337.903107,339.903107,0,1.877654,54939.63281
57,7,28.146116,338.733337,0.099972,0.049111,54940.16016,27.291204,338.722137,0.008222,54940.13672,-10028.84961,25746.30469,22.471558,-108.124405,41.074699,-67.277885,0,0,0,27.146116,29.146116,337.733337,339.733337,0,2.099972,54940.13672
57,7,27.632425,338.710938,0.1,0.048228,54941.63672,27.632425,338.710938,0.1,54941.63672,-10032.58691,25746.76172,48.227657,-108.124405,41.074699,-67.277885,0,0,0,26.632425,28.632425,337.710938,339.710938,0,2.042783,54941.63672
57,6,27.749287,338.458679,0.1,0.048432,54942.14453,27.749287,338.458679,0.1,54942.14453,-10188.75391,25811.04102,48.431618,-108.124405,41.074699,-67.277885,0,0,0,26.749287,28.749287,337.458679,339.458679,0,2.1,54942.14453
57,7,27.831049,338.275543,0.09998,0.048565,54942.6875,27.292475,338.649811,0.036507,54942.67578,-10184.89356,25697.05469,38.570938,-86.948593,2.125732,-69.126709,0,0,0,26.831049,28.831049,337.275543,339.275543,0,2.09998,54942.67578
57,7,27.641335,338.365814,0.1,0.048243,54944.17578,27.641335,338.365814,0.1,54944.17578,-10190.77441,25694.14453,48.243202,-86.948593,2.125732,-69.126709,0,0,0,26.641335,28.641335,337.365814,339.365814,0,2.075488,54944.17578
57,6,27.696291,338.136536,-0.140315,-0.067827,54944.71484,27.696291,338.136536,-0.140315,54944.71484,-10313.96289,25704.125,-67.827103,-86.948593,2.125732,-69.126709,0,0,0,26.696291,28.696291,337.136536,339.136536,0,1.859685,54944.71484
57,7,27.732475,337.966797,0.099977,0.048391,54945.25391,27.189447,338.393097,0.003959,54945.21484,-10266.30176,25525.82227,31.944761,-64.687607,-39.846939,-71.860802,0,0,0,26.732475,28.732475,336.966797,338.966797,0,2.099977,54945.21484
57,7,27.511717,338.077789,0.1,0.048017,54946.71484,27.511717,338.077789,0.1,54946.71484,-10271.41797,25522.34766,48.016979,-64.687607,-39.846939,-71.860802,0,0,0,26.511717,28.511717,337.077789,339.077789,0,2.058349,54946.71484
57,6,27.493969,337.855347,0.1,0.047986,54947.26953,27.493969,337.855347,0.1,54947.26953,-10363.73731,25465.83984,47.986004,-64.687607,-39.846939,-71.860802,0,0,0,26.493969,28.493969,336.855347,338.855347,0,1.833745,54947.26953
57,7,27.482088,337.696381,0.099983,0.047957,54947.8125,27.281403,338.63092,0.1,54947.82813,-10158.5752,25412.79102,47.765369,-24.460091,-42.728386,-71.890099,0,0,0,26.482088,28.482088,336.696381,338.696381,0,2.099983,54947.82813
57,14,27.365789,338.20578,0.1,0.047762,54948.12109,27.289219,338.332367,0.357789,54948.12109,-10132.59766,25383.15234,78.685181,-21.354244,-51.415531,-68.735565,0.026964,-0.063789,0.052399,26.365789,28.365789,337.20578,339.20578,0,2.090013,54948.12109
57,14,27.283392,338.145538,-0.010691,-0.005091,54949.62109,27.283392,338.145538,-0.010691,54949.62109,-10156.25391,25322.59961,-5.090935,-21.313799,-51.511215,-68.656967,0.026964,-0.063789,0.052399,26.283392,28.283392,337.145538,339.145538,0,1.989309,54949.62109
57,13,27.27253,338.123169,0.1,0.0476,54950.11328,27.27253,338.123169,0.1,54950.11328,-10162.07617,25308.51367,47.599518,-21.300562,-51.54253,-68.631241,0.026964,-0.063789,0.052399,26.27253,28.27253,337.123169,339.123169,0,1.949819,54950.11328
57,14,27.233221,338.042145,0.099968,0.047516,54950.63672,27.219908,338.591461,0.171952,54950.63672,-10095.58984,25297.24805,59.898964,-8.738705,-42.496868,-66.743668,0.600202,0.887144,0.146955,26.233221,28.233221,337.042145,339.042145,0,2.099968,54950.63672
57,10,26.981178,339.208344,1.45659,0.68585,54952.13672,26.440666,339.809875,0.493676,54952.14844,-9374.772461,24964.06055,458.762878,26.171389,-117.047714,-107.702255,4.491359,-13.972374,-4.924941,25.981178,27.981178,338.208344,340.208344,0,3.45659,54952.14844
57,10,26.665236,339.41156,0.978574,0.455402,54953.64844,26.665236,339.41156,0.978574,54953.64844,-9375.541016,24958.5,455.402283,32.908428,-138.006271,-115.089668,4.491359,-13.972374,-4.924941,25.665236,27.665236,338.41156,340.41156,0,2.978574,54953.64844
57,9,26.392952,339.345978,0.492464,0.226848,54954.20313,26.392952,339.345978,0.492464,54954.20313,-9309.089844,24695.69336,226.847641,35.408131,-145.782806,-117.830673,4.491359,-13.972374,-4.924941,25.392952,27.392952,338.345978,340.345978,0,2.492464,54954.20313
57,11,26.311676,339.336823,0.353615,0.162388,54954.74219,25.731888,340.03479,0.50263,54954.73828,-9003.994141,24279.6582,198.774231,106.989334,-285.590759,-110.762619,15.807966,-41.837883,-3.254268,25.311676,27.311676,338.336823,340.336823,0,2.353615,54954.73828
57,11,25.88991,339.650848,0.435118,0.196612,54956.23828,25.88991,339.650848,0.435118,54956.23828,-9002.705078,24273.44531,196.612213,130.701279,-348.347595,-115.64402,15.807966,-41.837883,-3.254268,24.88991,26.88991,338.650848,340.650848,0,2.435118,54956.23828
57,10,25.416557,339.667053,0.055015,0.024405,54956.8125,25.416557,339.667053,0.055015,54956.8125,-8831.616211,23832.82031,24.404808,139.786423,-372.392609,-117.514313,15.807966,-41.837883,-3.254268,24.416557,26.416557,338.667053,340.667053,0,2.055015,54956.8125
57,9,24.957766,339.670074,0.099981,0.043551,54957.32813,24.957766,339.670074,0.099981,54957.32813,-8670.954102,23403.05078,43.551102,147.911728,-393.897278,-119.186905,15.807966,-41.837883,-3.254268,23.957766,25.957766,338.670074,340.670074,0,2.099981,54957.32813
57,7,24.722727,339.678833,0.099973,0.043138,54957.87109,24.217756,339.47168,0.162122,54957.82422,-8530.016602,22806.03125,58.751381,173.0755,-576.197754,-116.057083,18.583015,-75.195236,-2.408836,23.722727,25.722727,338.678833,340.678833,0,2.099973,54957.82422
57,7,24.330116,339.48587,0.129817,0.055126,54959.32422,24.330116,339.48587,0.129817,54959.32422,-8526.188477,22787.18164,55.125511,200.950027,-688.990601,-119.670334,18.583015,-75.195236,-2.408836,23.330116,25.330116,338.48587,340.48587,0,2.129817,54959.32422
57,6,23.447733,339.354126,-0.282945,-0.115792,54959.82813,23.447733,339.354126,-0.282945,54959.82813,-8267.362305,21941.59375,-115.791809,210.311798,-726.872559,-120.883865,18.583015,-75.195236,-2.408836,22.447733,24.447733,338.354126,340.354126,0,1.717055,54959.82813
57,5,23.168488,339.318481,0.1,0.040437,54960.29688,23.168488,339.318481,0.1,54960.29688,-8182.478027,21675.42969,40.436619,219.008652,-762.063965,-122.0112,18.583015,-75.195236,-2.408836,22.168488,24.168488,338.318481,340.318481,0,1.579091,54960.29688
57,4,22.787033,339.251923,-0.613766,-0.244095,54960.93359,22.787033,339.251923,-0.613766,54960.93359,-8072.067383,21308.00391,-244.09549,230.846039,-809.963318,-123.545624,18.583015,-75.195236,-2.408836,21.787033,23.787033,338.251923,340.251923,0,1.386234,54960.93359
57,3,22.487503,339.21048,0.1,0.039248,54961.4375,22.487503,339.21048,0.1,54961.4375,-7981.615234,21023.32227,39.248077,240.211868,-847.861694,-124.759682,18.583015,-75.195236,-2.408836,21.487503,23.487503,338.21048,340.21048,0,1.229023,54961.4375
57,14,17.8832,335.658783,0.1,0.031212,55134.91016,17.881289,335.498474,0.133984,55134.93359,-7402.891113,16277.47754,22.657175,29.784908,14.972962,-37.563286,0,0,0,16.382607,19.380108,334.508026,336.508026,0,2.598757,55134.93359
57,14,17.882465,335.597626,0.1,0.031211,55135.43359,17.880976,335.614563,0.01,55135.40234,-7383.680176,16285.62109,3.274624,31.512732,15.236191,-37.803722,0,0,0,16.395052,19.369116,334.566376,336.566376,0,2.547678,55135.40234
57,14,17.881729,335.667175,0.1,0.031209,55135.90234,17.883701,335.596985,0.01,55135.89063,-7382.759766,16288.06934,-2.235929,25.576805,13.16604,-32.44558,0,0,0,16.395052,19.369116,334.566376,336.566376,0,2.547678,55135.89063
57,14,17.883862,335.663055,0.1,0.031213,55136.39063,17.883442,335.622528,0.01,55136.37109,-7378.081055,16290.65527,-3.044906,22.331932,11.565341,-26.278191,0,0,0,16.353495,19.413494,334.640045,336.640045,0,2.466849,55136.37109
57,14,17.884226,335.674316,0.1,0.031214,55136.87109,17.882473,335.654114,0.01,55136.84375,-7370.508301,16293.43848,-2.39463,20.89423,10.364195,-20.760775,0,0,0,16.353495,19.413494,334.640045,336.640045,0,2.466849,55136.84375
57,14,17.88339,335.697205,0.1,0.031212,55137.34375,17.882013,335.695587,0.01,55137.38281,-7359.991211,16297.57324,-1.420532,20.922125,9.945106,-16.217607,0,0,0,16.302608,19.464172,334.697205,336.697205,0,2.6,55137.38281
57,14,17.882637,335.733154,0.1,0.031211,55137.88281,17.882174,335.613617,0.117017,55137.87891,-7373.664551,16291.23731,23.364349,11.265973,5.416469,-3.056155,0,0,0,16.302608,19.464172,334.697205,336.697205,0,2.6,55137.87891
57,14,17.882421,335.667786,0.1,0.031211,55138.37891,17.881922,335.590485,0.01,55138.40625,-7383.586426,16286.51563,8.467948,5.042503,2.441249,-8.405102,0,0,0,16.336729,19.427979,334.658386,336.658386,0,2.572259,55138.40625
57,14,17.882128,335.621552,0.013667,0.004265,55138.90625,17.881187,335.590515,0.01,55138.93359,-7387.087402,16284.26758,3.447833,2.632961,1.052094,-8.732226,0,0,0,16.336729,19.427979,334.658386,336.658386,0,2.572259,55138.93359
57,14,17.881392,335.603912,0.1,0.031209,55139.43359,17.88151,335.592285,0.01,55139.44531,-7388.167969,16283.79981,1.966951,1.674018,0.653945,-7.577785,0,0,0,16.39049,19.372366,334.601288,336.601288,0,2.505146,55139.44531
57,14,17.881428,335.59848,0.1,0.031209,55139.94531,17.882072,335.592804,0.01,55139.94531,-7388.674316,16284.02344,1.70879,1.136647,0.612315,-6.165065,0,0,0,16.39049,19.372366,334.601288,336.601288,0,2.505146,55139.94531
57,14,17.881933,335.596497,0.1,0.03121,55140.44531,17.881996,335.643402,0.01,55140.47266,-7378.601562,16288.69336,1.836841,4.939412,2.359711,-4.880444,0,0,0,16.40267,19.361107,334.594421,336.594421,0,2.505475,55140.47266
57,14,17.882038,335.638763,0.1,0.03121,55140.97266,17.867821,335.730072,0.01,55140.98047,-7353.412598,16288.99316,2.056371,14.029425,2.007436,-3.816221,0,0,0,16.40267,19.361107,334.594421,336.594421,0,2.505475,55140.98047
57,14,17.869905,335.725769,0.1,0.031189,55141.48047,17.882154,335.741638,0.01,55141.57422,-7346.770508,16299.4541,2.271689,13.880353,5.794604,-2.966593,0,0,0,16.427814,19.315939,334.703949,336.703949,0,2.506593,55141.57422
57,14,17.878473,335.76123,0.002527,0.000788,55142.07422,17.881672,335.731293,0.01,55142.09375,-7346.851074,16301.69141,2.454544,11.071394,5.530145,-2.299931,0,0,0,16.427814,19.315939,334.703949,336.703949,0,2.506593,55142.09375
57,14,15.664,321.170685,2.488431,0.680094,55334.85156,15.364,324.749146,2.748637,55334.82422,-9773.913086,12204.66895,682.361267,0,0,0,0,0,0,13.414,17.914,312.940643,329.400726,0,10.718481,55334.82422
57,14,34.701,340.513489,2.272337,1.375873,55396.36719,34.778534,341.120453,1.781693,55396.30859,-11553.89746,32695.76172,1364.090454,0,0,0,0,0,0,32.451,36.951,336.798462,344.228516,0,5.987374,55396.30859
57,14,16.263,321.916656,2.316943,0.657469,55429.75391,16.048227,322.988037,3.109534,55429.69531,-10007.87891,12790.5918,665.991211,0,0,0,0,0,0,14.013001,18.513,313.989746,329.843567,0,10.243862,55429.69531
57,14,16.712999,321.07959,1.602595,0.467411,55456.57813,16.712999,321.968414,2.398976,55456.51953,-10487.35938,13004.14453,476.697235,0,0,0,0,0,0,14.463,18.962999,313.366089,328.793091,0,9.316082,55456.51953
