%%TM,TN,TQ,Stat,Clas,M,PR,PA,PE,PT,MR,MA,ME,MT,H,Str,FX,FY,FZ,FVX,FVY,FVZ,FVR,FAX,FAY,FAZ,FT,FirstLat,firstLong,FirstAlt,MeasLat,MeasLon,MeasAlt,RNG_MIN,RNG_MAX,AZM_MIN,AZM_MAX,ELV_MIN,ELV_MAX
57,40,14,3,0,1,20664.91,178.9924,1.4346,21795.828,20665.41,178.8938,1.7606,21795.857,1,121262.09,384.9417,-20652.7969,585.1943,15.05,-2.13,6.58,16.56,0,0,0,21795.86,13.187486,78.163879,753.559998,13.187486,78.163879,753.5599976,18804.44,22525.38,176.39,181.59,0,3.83
57,40,14,3,0,1,20665.97,178.9114,1.6318,21796.357,20666.14,178.9428,1.7239,21796.389,1,162139.7,386.4531,-20653.5156,605.7026,10.81,-1.85,18.31,21.35,0,0,0,21796.39,13.187486,78.163879,753.559998,13.187486,78.163879,753.5599976,20465.97,20865.97,177.61,180.21,0,4.03
57,40,14,3,0,1,20667.3,178.9131,1.7048,21796.889,20666.49,178.8373,1.71,21796.887,1,119545.38,406.2,-20653.623,615.8053,20.9,-1.19,18.95,28.24,0,0,0,21796.89,13.187486,78.163879,753.559998,13.187486,78.163879,753.5499878,20467.3,20867.3,177.61,180.21,0,4.1
57,40,14,3,0,1,20667.88,178.8444,1.7337,21797.387,20666.46,178.9346,1.776,21797.367,1,46675.08,400.1681,-20653.5195,632.683,10.75,-0.7,23.42,25.78,0,0,0,21797.37,13.187486,78.163879,753.549988,13.187486,78.163879,753.5499878,20467.88,20867.88,177.54,180.14,0,4.13
57,40,14,3,0,1,20667.9,178.8751,1.7867,21797.867,20667.39,178.9166,1.8053,21797.852,1,45545.73,398.4602,-20653.6504,647.4367,7,-0.57,25,25.97,0,0,0,21797.85,13.187486,78.163879,753.549988,13.187486,78.163879,753.5499878,20467.9,20867.9,177.58,180.18,0,4.19
57,40,14,3,0,1,20669.14,178.8754,1.8644,21798.961,20679.63,178.8026,2.3944,21798.961,1,24120.38,420.0903,-20655.9648,781.4336,12.45,-1.42,66.18,67.36,0,0,0,21798.96,13.187486,78.163879,753.549988,13.187486,78.163879,753.5499878,20469.14,20869.14,177.58,180.18,0,4.26
57,40,14,3,0,1,20677.12,178.8177,2.2576,21799.461,20668.63,178.8364,1.7196,21799.494,1,125730.2,423.3243,-20655.8574,730.8723,11.4,-1.02,37.21,38.93,0,0,0,21799.49,13.187486,78.163879,753.549988,13.187486,78.163879,753.5499878,20477.12,20877.12,177.52,180.12,1.06,3.46
57,40,14,3,0,1,20674.41,178.8102,2.0775,21799.994,20679.73,178.9656,1.7248,21799.996,1,60902.47,407.7704,-20661.1934,701.97,4.65,-3.4,22.17,22.91,0,0,0,21800,13.187486,78.163879,753.549988,13.187486,78.163879,753.5499878,20474.41,20874.41,177.51,180.11,0.88,3.28
57,40,14,3,0,1,20679.26,178.863,1.976,21800.496,20679.9,178.7023,1.6897,21800.549,1,48773.48,429.8699,-20664.0488,677.7947,10.46,-3.97,11.81,16.27,0,0,0,21800.55,13.187486,78.163879,753.549988,13.187486,78.163879,753.5499878,20479.26,20879.26,177.56,180.16,0,4.38
57,40,14,3,0,1,20681.92,178.7939,1.8944,21801.049,20681.38,178.9606,1.6158,21801.08,1,85831.2,416.3745,-20667.5723,651.5808,5.3,-4.73,2.95,7.69,0,0,0,21801.08,13.187486,78.163879,753.549988,13.187486,78.163879,753.5499878,20481.92,20881.92,177.49,180.09,0,4.29
57,65,14,3,0,1,33586.29,296.9147,5.3159,22252.66,33632.25,296.9022,5.2176,22252.645,1,526102.69,-29848.0742,15147.6201,3081.7788,-91.13,146.9,-0.07,172.87,0,0,0,22252.64,13.187486,78.163879,753.179993,13.187486,78.163879,753.1799927,31639.1,35533.47,294.31,299.51,2.92,7.72
57,65,14,3,0,1,33686.91,296.984,5.2489,22253.145,33713.09,297.0009,5.2583,22253.18,1,258979.69,-29903.0488,15231.5967,3085.7344,-97.6,154.12,2.61,182.44,0,0,0,22253.18,13.187486,78.163879,753.179993,13.187486,78.163879,753.1799927,33486.91,33886.91,295.68,298.28,4.05,6.45
57,65,14,3,0,1,33778.66,297.072,5.2436,22253.68,33779.16,297.0367,5.226,22253.699,1,774434.31,-29957.3281,15299.5264,3081.8965,-101.36,147.86,-0.84,179.27,0,0,0,22253.7,13.187486,78.163879,753.179993,13.187486,78.163879,753.1799927,33578.66,33978.66,295.77,298.37,4.04,6.44
57,65,14,3,0,1,34014.35,297.271,5.1963,22255.199,33986.5,297.2512,5.1722,22255.199,1,476547.13,-30096.2598,15504.9951,3068.6653,-95.96,141.22,-5.66,170.83,0,0,0,22255.2,13.187486,78.163879,753.179993,13.187486,78.163879,753.1799927,33814.35,34214.35,295.97,298.57,4,6.4
57,65,14,3,0,1,34068.67,297.3255,5.163,22255.699,34086.27,297.2718,4.9672,22255.721,1,440876.94,-30164.4707,15567.6172,3007.5842,-103.35,138.36,-26.33,174.7,0,0,0,22255.72,13.187486,78.163879,753.179993,13.187486,78.163879,753.1799927,33868.67,34268.67,296.03,298.63,3.96,6.36
57,65,14,3,0,1,34306.52,297.4878,4.9632,22257.221,34274.89,297.5085,5.0913,22257.18,1,594324.56,-30297.043,15771.3604,3009.127,-97.06,137.36,-15.6,168.91,0,0,0,22257.18,13.187486,78.163879,753.179993,13.187486,78.163879,753.1799927,34106.52,34506.52,296.19,298.79,3.76,6.16
57,65,14,3,0,1,34362.31,297.5641,5.0108,22257.68,34354.61,297.5762,4.9576,22257.678,1,321791.25,-30342.2988,15841.7813,2987.7932,-96.19,137.79,-18.89,169.1,0,0,0,22257.68,13.187486,78.163879,753.179993,13.187486,78.163879,753.1799927,34162.31,34562.31,296.26,298.86,3.81,6.21
57,65,14,3,0,1,34579.52,297.7628,4.9096,22259.178,34568.59,297.8105,4.8639,22259.193,1,332607.78,-30476.7129,16058.0859,2946.7966,-93.78,139.77,-21.49,169.68,0,0,0,22259.19,13.187486,78.163879,753.179993,13.187486,78.163879,753.1799927,34379.52,34779.52,296.46,299.06,3.71,6.11
57,65,14,3,0,1,34720.07,297.917,4.8331,22260.193,34717.52,297.9439,4.789,22260.213,1,598137.06,-30567.1191,16203.5225,2914.6653,-92.98,140.85,-23.51,170.4,0,0,0,22260.21,13.187486,78.163879,753.179993,13.187486,78.163879,753.1799927,34520.07,34920.07,296.62,299.22,3.63,6.03
57,65,14,3,0,1,34937.53,298.1276,4.7274,22261.713,34943.71,298.0376,4.7376,22261.717,1,422871.16,-30720.7402,16396.2715,2882.0911,-96.26,137.58,-23.04,169.49,0,0,0,22261.72,13.187486,78.163879,753.179993,13.187486,78.163879,753.1799927,34737.53,35137.53,296.83,299.43,3.53,5.93
57,65,14,3,0,1,35162.66,298.2762,4.645,22263.217,35140.06,298.2941,4.8053,22263.217,1,858118.88,-30849.9102,16600.6563,2886.1572,-92.76,137.25,-16.48,166.47,0,0,0,22263.22,13.187486,78.163879,753.179993,13.187486,78.163879,753.1799927,34962.66,35362.66,296.98,299.58,3.45,5.85
57,65,14,3,0,1,35369.02,298.4727,4.6404,22264.717,35357.11,298.4943,4.6953,22264.707,1,2184260.75,-30979.7988,16808.4238,2874.4705,-90.64,137.56,-14.29,165.36,0,0,0,22264.71,13.187486,78.163879,753.179993,13.187486,78.163879,753.1799927,35169.02,35569.02,297.17,299.77,3.44,5.84
57,65,14,3,0,1,35578.54,298.6708,4.5995,22266.207,35598.12,298.7462,4.6313,22266.199,1,445649.47,-31112.5137,17034.416,2861.4197,-89.9,140.86,-12.88,167.6,0,0,0,22266.2,13.187486,78.163879,753.179993,13.187486,78.163879,753.1799927,35378.54,35778.54,297.37,299.97,3.4,5.8
57,65,14,3,0,1,35803.49,298.8947,4.5529,22267.699,35806.11,298.8661,4.6102,22267.729,1,775048.5,-31251.4492,17239.4922,2856.1685,-90.82,139.81,-10.52,167.06,0,0,0,22267.73,13.187486,78.163879,753.179993,13.187486,78.163879,753.1799927,35603.49,36003.49,297.59,300.19,3.35,5.75
57,65,14,3,0,1,36024.02,299.0708,4.5223,22269.229,36025.82,299.0423,4.6156,22269.189,1,2311819,-31390.6738,17442.5137,2863.3557,-91.5,138.68,-6.64,166.28,0,0,0,22269.19,13.187486,78.163879,753.179993,13.187486,78.163879,753.1799927,35824.02,36224.02,297.77,300.37,3.32,5.72
57,65,14,3,0,1,36244.9,299.2418,4.5153,22270.689,36239.5,299.282,4.5413,22270.691,1,335581.06,-31519.125,17657.9766,2859.6411,-89.53,139.94,-5.59,166.22,0,0,0,22270.69,13.187486,78.163879,753.179993,13.187486,78.163879,753.1799927,36044.9,36444.9,297.94,300.54,3.32,5.72
57,65,14,3,0,1,36459.98,299.4441,4.4853,22272.191,36469.04,299.3902,4.5713,22272.172,1,678771.25,-31663.4922,17857.0566,2872.9248,-91.77,138.11,-1.94,165.83,0,0,0,22272.17,13.187486,78.163879,753.179993,13.187486,78.163879,753.1799927,36259.98,36659.98,298.14,300.74,3.29,5.69
57,65,14,3,0,1,36686.05,299.5982,4.4869,22273.672,36689.36,299.584,4.5748,22273.68,1,1241018.75,-31802.8125,18060.8965,2892.075,-92.14,137.55,1.77,165.57,0,0,0,22273.68,13.187486,78.163879,753.179993,13.187486,78.163879,753.1799927,36486.05,36886.05,298.3,300.9,3.29,5.69
57,65,14,3,0,1,36909.34,299.7654,4.4982,22275.18,36911.89,299.7541,4.5876,22275.184,1,2218949,-31941.9199,18264.3242,2917.2278,-92.34,137.06,5.54,165.35,0,0,0,22275.18,13.187486,78.163879,753.179993,13.187486,78.163879,753.1799927,36709.34,37109.34,298.47,301.07,3.3,5.7
57,65,14,3,0,1,37132.88,299.9307,4.5188,22276.684,37141.31,299.9243,4.5718,22276.734,1,2957705.75,-32083.7441,18469.6367,2939.1716,-93.06,137.01,7.82,165.82,0,0,0,22276.73,13.187486,78.163879,753.179993,13.187486,78.163879,753.1799927,36932.88,37332.88,298.63,301.23,3.32,5.72
57,65,14,3,0,1,37360.58,300.0946,4.5302,22278.234,37369.89,300.2742,4.6584,22278.242,1,410395.09,-32196.6914,18715.4121,2983.6252,-87.26,143.77,13.27,168.7,0,0,0,22278.24,13.187486,78.163879,753.179993,13.187486,78.163879,753.1799927,37160.58,37560.58,298.79,301.39,3.33,5.73
57,65,14,3,0,1,37582.95,300.3533,4.5838,22279.742,37587.8,300.2986,4.5271,22279.756,1,648129.44,-32339.3145,18920.4863,2989.2864,-89.8,142,10.9,168.36,0,0,0,22279.76,13.187486,78.163879,753.179993,13.187486,78.163879,753.1799927,37382.95,37782.95,299.05,301.65,3.38,5.78
57,65,14,3,0,1,37811.18,300.5063,4.5593,22281.256,37826.4,300.4486,4.4945,22281.268,1,2009632.88,-32490.6211,19124.3613,2989.5898,-93.38,140.47,8.25,168.88,0,0,0,22281.27,13.187486,78.163879,753.179993,13.187486,78.163879,753.1799927,37611.18,38011.18,299.21,301.81,3.36,5.76
57,65,14,3,0,1,38047.58,300.6485,4.5254,22282.768,38067.38,300.544,4.4473,22282.76,1,299841.59,-32656.8887,19316.5254,2982.6003,-99,137.38,5.05,169.41,0,0,0,22282.76,13.187486,78.163879,753.179993,13.187486,78.163879,753.1799927,37847.58,38247.58,299.35,301.95,3.33,5.73
57,65,14,3,0,1,38291.86,300.757,4.4787,22284.26,38291.56,300.8192,4.3985,22284.32,1,313510.25,-32797.043,19537.2617,2969.5593,-97.22,139.82,1.66,170.3,0,0,0,22284.32,13.187486,78.163879,753.179993,13.187486,78.163879,753.1799927,38091.86,38491.86,299.46,302.06,3.28,5.68
57,65,14,3,0,1,38522.84,300.9398,4.4248,22285.82,38526.4,300.9783,4.4916,22285.836,1,460694.41,-32936.7148,19755.6309,2989.3848,-95.91,141.25,4.5,170.8,0,0,0,22285.84,13.187486,78.163879,753.179993,13.187486,78.163879,753.1799927,38322.84,38722.84,299.64,302.24,3.22,5.62
57,65,14,3,0,1,38755.68,301.1153,4.4339,22287.336,38764.38,301.2371,4.4005,22287.371,1,358221.13,-33065.0273,19996.9902,2987.7644,-92.62,146.13,3.13,173.04,0,0,0,22287.37,13.187486,78.163879,753.179993,13.187486,78.163879,753.1799927,38555.68,38955.68,299.82,302.42,3.23,5.63
57,65,14,3,0,1,38989.13,301.3351,4.4019,22288.871,38976.8,301.3102,4.3874,22288.873,1,290629.09,-33203.4727,20208.2422,2988.3477,-92.52,144.82,2.46,171.87,0,0,0,22288.87,13.187486,78.163879,753.179993,13.187486,78.163879,753.1799927,38789.13,39189.13,300.04,302.64,3.2,5.6
57,65,14,3,0,1,39215.54,301.4917,4.3758,22290.373,39204.68,301.5079,4.5364,22290.336,1,480511.66,-33331.9922,20425.2148,3033.6069,-90.38,144.78,9.22,170.92,0,0,0,22290.34,13.187486,78.163879,753.179993,13.187486,78.163879,753.1799927,39015.54,39415.54,300.19,302.79,3.18,5.58
57,65,14,3,0,1,39439.48,301.6658,4.4316,22291.836,39429.69,301.6073,4.4321,22291.795,1,470214.78,-33473.4023,20627.1602,3047.2922,-91.59,142.27,9.2,169.45,0,0,0,22291.79,13.187486,78.163879,753.179993,13.187486,78.163879,753.1799927,39239.48,39639.48,300.37,302.97,3.23,5.63
57,65,14,3,0,1,39665.91,301.8012,4.426,22293.295,39659.44,301.7577,4.516,22293.313,1,546751.81,-33613.6289,20828.3906,3084.5139,-92.18,140.27,12.98,168.35,0,0,0,22293.31,13.187486,78.163879,753.179993,13.187486,78.163879,753.1799927,39465.91,39865.91,300.5,303.1,3.23,5.63
57,65,14,3,0,1,39893.06,301.9368,4.4626,22294.813,39880.14,301.9359,4.5347,22294.836,1,721802,-33745.543,21035.1504,3122.6084,-90.87,139.67,15.98,167.4,0,0,0,22294.84,13.187486,78.163879,753.179993,13.187486,78.163879,753.1799927,39693.06,40093.06,300.64,303.24,3.26,5.66
57,65,14,3,0,1,40115.04,302.0886,4.4988,22296.336,40103.77,302.1163,4.622,22296.344,1,2398218,-33870.2344,21247.2637,3178.8123,-88.49,140.1,21.16,167.05,0,0,0,22296.34,13.187486,78.163879,753.179993,13.187486,78.163879,753.1799927,39915.04,40315.04,300.79,303.39,3.3,5.7
57,65,14,3,0,1,40120.62,302.1084,4.5467,22297.844,40120.62,302.1084,4.5467,22297.844,0,0,-33876.9766,21257.9258,3180.4241,-88.49,140.1,21.16,167.05,0,0,0,22297.84,13.187486,78.163879,753.179993,13.187486,78.163879,753.1799927,39920.62,40320.62,300.81,303.41,3.35,5.75
57,65,14,3,0,1,40423.65,302.3132,4.573,22298.43,40430.54,302.3206,4.7911,22298.412,1,4309111,-34051.6289,21540.0371,3276.2495,-87.83,140.18,29.7,168.07,0,0,0,22298.41,13.187486,78.163879,753.169983,13.187486,78.163879,753.1699829,40223.65,40623.65,301.01,303.61,3.37,5.77
57,65,14,3,0,1,40652.27,302.4679,4.6856,22299.912,40663.65,302.4815,4.8661,22299.953,1,3204016.75,-34181.3945,21753.4023,3366.6018,-87.43,140.68,36.96,169.71,0,0,0,22299.95,13.187486,78.163879,753.169983,13.187486,78.163879,753.1699829,40452.27,40852.27,301.17,303.77,3.49,5.89
57,65,14,3,0,1,40883.95,302.6245,4.8014,22301.453,40908.42,302.6934,4.8744,22301.436,1,323279.47,-34308.3516,21983.7441,3441.5527,-86.61,143.77,40.01,172.54,0,0,0,22301.44,13.187486,78.163879,753.169983,13.187486,78.163879,753.1699829,40683.95,41083.95,301.32,303.92,3.6,6
57,65,14,3,0,1,41122.59,302.8064,4.8846,22302.936,41136.48,302.8007,5.1052,22302.979,1,943564.88,-34439.2383,22198.125,3559.3313,-86.8,143.57,48.95,174.76,0,0,0,22302.98,13.187486,78.163879,753.169983,13.187486,78.163879,753.1699829,40922.59,41322.59,301.51,304.11,3.68,6.08
57,65,14,3,0,1,41359.48,302.9578,5.039,22304.479,41380.39,302.9622,5.1254,22304.545,1,1301349.5,-34574.2852,22417.5527,3656.0256,-87.74,144.21,52.52,176.79,0,0,0,22304.54,13.187486,78.163879,753.169983,13.187486,78.163879,753.1699829,41159.48,41559.48,301.66,304.26,3.84,6.24
57,65,14,3,0,1,41602.16,303.1109,5.1506,22306.045,41614.32,303.1239,5.0571,22306.049,1,1079194.13,-34710.2617,22640.5,3710.6377,-88.58,145.25,48.83,177,0,0,0,22306.05,13.187486,78.163879,753.169983,13.187486,78.163879,753.1699829,41402.16,41802.16,301.81,304.41,3.95,6.35
57,65,14,3,0,1,41843.37,303.2664,5.1883,22307.549,41859.18,303.2371,4.8929,22307.645,1,726429.94,-34860.7422,22858.8457,3706.5408,-91.97,145.32,37.06,175.93,0,0,0,22307.64,13.187486,78.163879,753.169983,13.187486,78.163879,753.1699829,41643.37,42043.37,301.97,304.57,3.99,6.39
57,65,13,3,0,1,42090.41,303.3994,5.1281,22309.145,42102.72,303.4228,4.8736,22309.191,1,1545813.63,-35004.8945,23087.9961,3695.2056,-93.15,147.07,26.9,176.15,0,0,0,22309.19,13.187486,78.163879,753.169983,13.187486,78.163879,753.1699829,41890.41,42290.41,302.1,304.7,3.93,6.33
57,65,13,3,0,1,42336.63,303.5531,5.0621,22310.691,42339.29,303.5496,4.6123,22310.713,1,929650.06,-35156.2383,23314.0801,3616.2607,-95.37,147.92,8.84,176.22,0,0,0,22310.71,13.187486,78.163879,753.169983,13.187486,78.163879,753.1699829,42136.63,42536.63,302.25,304.85,3.86,6.26
57,65,12,3,0,1,42581.15,303.6935,4.8897,22312.213,42573.54,303.637,4.4669,22312.25,1,1058072.13,-35315.707,23526.7441,3516.6399,-98.48,146.49,-8.21,176.71,0,0,0,22312.25,13.187486,78.163879,753.169983,13.187486,78.163879,753.1699829,42381.15,42781.15,302.39,304.99,3.69,6.09
57,95,13,3,0,1,3598.86,195.2958,15.5475,23073.398,3584.91,195.0698,15.0631,23073.477,1,3740.14,-904.6868,-3343.1672,941.9505,-1.58,-0.14,1.2,1.99,0,0,0,23073.48,13.187484,78.163879,755.419983,13.187484,78.163879,755.4199829,1426.68,5771.05,192.7,197.9,13.15,17.95
57,88,14,3,0,1,3423.28,233.0553,3.6511,23485.385,3419.02,232.7911,3.4832,23485.367,1,134772.34,-2719.9304,-2062.0808,209.5177,7.12,7.85,-1.25,10.67,0,0,0,23485.37,13.187484,78.163879,754.590027,13.187484,78.163879,754.5900269,1417.5,5429.06,230.46,235.66,1.25,6.05
57,88,14,3,0,1,3414.43,232.8493,3.5077,23485.867,3415.15,233.0648,3.483,23485.889,1,116118.87,-2722.042,-2051.5806,207.9518,1.23,14.62,-2.21,14.84,0,0,0,23485.89,13.187484,78.163879,754.590027,13.187484,78.163879,754.5800171,3214.43,3614.43,231.55,234.15,2.31,4.71
57,88,14,3,0,1,3409.98,233.087,3.4776,23486.389,3416.45,233.2521,3.4145,23486.424,1,24398.93,-2728.823,-2041.7411,204.6535,-5.71,16.99,-4.26,18.42,0,0,0,23486.42,13.187484,78.163879,754.580017,13.187484,78.163879,754.5800171,3209.98,3609.98,231.79,234.39,2.28,4.68
57,88,14,3,0,1,3411.33,233.3389,3.4035,23486.924,3403.69,232.8549,3.4598,23486.947,1,46663.19,-2717.321,-2044.3855,204.2825,5.3,8.45,-2.88,10.38,0,0,0,23486.95,13.187484,78.163879,754.580017,13.187484,78.163879,754.5800171,3211.33,3611.33,232.04,234.64,2.2,4.6
57,88,14,3,0,1,3401.89,233.0739,3.4184,23487.447,3400.63,232.6775,3.1863,23487.451,1,28392.15,-2706.6064,-2050.3818,195.0753,10.52,1.82,-8.2,13.46,0,0,0,23487.45,13.187484,78.163879,754.580017,13.187484,78.163879,754.5800171,3201.89,3601.89,231.77,234.37,2.22,4.62
57,88,14,3,0,1,3396.19,232.813,3.2236,23487.951,3399.59,232.8685,3.691,23487.961,1,61169.48,-2703.0454,-2048.6711,205.4972,9.55,2.28,0.96,9.86,0,0,0,23487.96,13.187484,78.163879,754.580017,13.187484,78.163879,754.5800171,3196.19,3596.19,231.51,234.11,2.02,4.42
57,41,14,3,0,1,3163.76,179.0518,7.048,23865.066,3164.86,178.7281,6.1788,23865.092,1,23520.93,64.174,-3143.9097,355.7791,-9.08,8.92,-5.65,13.93,0,0,0,23865.09,13.187481,78.163879,754.080017,13.187481,78.163879,754.0800171,1097.04,5230.48,176.45,181.65,4.65,9.45
57,41,14,3,0,1,3159.79,178.9118,6.4134,23865.592,3162.15,179.2303,6.9371,23865.615,1,19710.81,49.49,-3139.0156,369.7292,-17.36,9.27,8.13,21.3,0,0,0,23865.62,13.187481,78.163879,754.080017,13.187481,78.163879,754.0800171,2959.79,3359.79,177.61,180.21,5.21,7.61
57,41,14,3,0,1,3156.85,179.2541,6.8002,23866.115,3158.44,179.3124,6.5594,23866.146,1,26152.8,38.9833,-3136.2207,366.2555,-18.86,7.78,1.9,20.49,0,0,0,23866.15,13.187481,78.163879,754.080017,13.187481,78.163879,754.0800171,2956.85,3356.85,177.95,180.55,5.6,8
57,41,14,3,0,1,3153.92,179.4594,6.686,23866.646,3146.75,179.0992,6.1864,23866.68,1,30612.05,40.5738,-3129.9441,351.3278,-10.78,9.46,-9.87,17.41,0,0,0,23866.68,13.187481,78.163879,754.080017,13.187481,78.163879,754.0800171,2953.92,3353.92,178.16,180.76,5.49,7.89
57,41,14,3,0,1,3144.55,179.355,6.3243,23867.18,3146.7,179.0102,6.4748,23867.188,1,31463.69,45.1958,-3125.709,350.9144,-4.14,9.16,-6.81,12.14,0,0,0,23867.19,13.187481,78.163879,754.080017,13.187481,78.163879,754.0800171,2944.55,3344.55,178.06,180.66,5.12,7.52
57,41,14,3,0,1,3140.71,179.2083,6.3526,23867.688,3146.72,179.3607,6.2801,23867.721,1,31511.78,38.979,-3124.2649,345.8292,-6.73,7.43,-7.89,12.76,0,0,0,23867.72,13.187481,78.163879,754.080017,13.187481,78.163879,754.0800171,2940.71,3340.71,177.91,180.51,5.15,7.55
57,41,13,3,0,1,3139.43,179.3461,6.2519,23868.221,3135.17,179.2554,7.1696,23868.229,1,23768.87,37.9571,-3115.9607,366.1699,-5.3,9.8,7.36,13.35,0,0,0,23868.23,13.187481,78.163879,754.080017,13.187481,78.163879,754.0800171,2939.43,3339.43,178.05,180.65,5.05,7.45
57,41,14,3,0,1,3133.17,179.3498,6.7792,23868.729,3133.07,179.1306,6.5405,23868.752,1,24019.87,40.9467,-3111.6038,363.5962,-1.88,9.53,3.44,10.3,0,0,0,23868.75,13.187481,78.163879,754.080017,13.187481,78.163879,754.0800171,2933.17,3333.17,178.05,180.65,5.58,7.98
57,41,13,3,0,1,3128.5,179.2622,6.7058,23869.252,3131.21,179.6143,5.7612,23869.295,1,23632.94,31.1418,-3110.3411,340.9726,-7.28,7.81,-11.87,15.96,0,0,0,23869.29,13.187481,78.163879,754.080017,13.187481,78.163879,754.0800171,2928.5,3328.5,177.96,180.56,5.51,7.91
57,41,13,3,0,1,3124.57,179.4928,6.1555,23869.795,3128.93,179.3292,6.4467,23869.848,1,30612.19,31.6313,-3107.4463,342.7445,-4.75,7.31,-7,11.18,0,0,0,23869.85,13.187481,78.163879,754.080017,13.187481,78.163879,754.0800171,2924.57,3324.57,178.19,180.79,4.96,7.36
57,41,13,3,0,1,3122.41,179.46,6.2374,23870.348,3116.78,179.4298,6.0387,23870.404,1,29330.36,29.993,-3102.0144,333.8447,-4.3,8.19,-10.42,13.93,0,0,0,23870.4,13.187481,78.163879,754.080017,13.187481,78.163879,754.0800171,2922.41,3322.41,178.16,180.76,5.04,7.44
57,41,13,3,0,1,3115.43,179.4851,6.0552,23870.904,3116.76,179.1692,6.1037,23870.932,1,33918.13,35.7605,-3098.2534,329.9438,0.57,8.02,-9.59,12.52,0,0,0,23870.93,13.187481,78.163879,754.080017,13.187481,78.163879,754.0800171,2915.43,3315.43,178.19,180.79,4.86,7.26
57,41,13,3,0,1,3111.49,179.3326,5.9983,23871.432,3116.76,179.6059,6.4751,23871.477,1,33457.97,29.2173,-3094.8184,337.3268,-3.63,7.74,-1.85,8.74,0,0,0,23871.48,13.187481,78.163879,754.080017,13.187481,78.163879,754.0800171,2911.49,3311.49,178.03,180.63,4.8,7.2
57,32,14,3,0,1,4027.24,204.0452,16.2973,24195.906,4032.69,203.9279,16.6675,24195.887,1,4000.29,-1569.4093,-3530.8716,1148.3217,13.71,0.02,-13.2,19.03,0,0,0,24195.89,13.187481,78.163879,753.830017,13.187481,78.163879,753.8300171,2335.52,5718.96,201.45,206.65,13.9,18.7
57,32,14,3,0,1,4026.42,203.8714,16.4726,24196.387,4031.87,203.9438,16.6021,24196.381,1,5495.68,-1565.754,-3531.1106,1147.6526,11.14,-0.18,-8.48,14.01,0,0,0,24196.38,13.187481,78.163879,753.830017,13.187481,78.163879,753.8300171,3826.42,4226.42,202.57,205.17,15.27,17.67
57,32,14,3,0,1,4026.28,203.8372,16.4983,24196.881,4030.82,203.4196,16.4505,24196.9,1,18752.07,-1546.6047,-3540.5518,1142.3043,22.01,-7.72,-9.36,25.13,0,0,0,24196.9,13.187481,78.163879,753.830017,13.187481,78.163879,753.8300171,3826.28,4226.28,202.54,205.14,15.3,17.7
57,32,14,3,0,1,4026.8,203.4245,16.4103,24197.4,4030.18,203.3683,16.1477,24197.379,1,9668.31,-1535.5277,-3549.5278,1128.4196,22.06,-11.3,-15.77,29.38,0,0,0,24197.38,13.187481,78.163879,753.830017,13.187481,78.163879,753.8300171,3826.8,4226.8,202.12,204.72,15.21,17.61
57,32,14,3,0,1,4027.28,203.2102,16.1549,24197.879,4029.49,203.1263,16.1294,24197.896,1,7487.29,-1522.3328,-3557.5806,1119.9642,23.41,-12.77,-16.12,31.16,0,0,0,24197.9,13.187481,78.163879,753.830017,13.187481,78.163879,753.8300171,3827.28,4227.28,201.91,204.51,14.95,17.35
57,32,14,3,0,1,4027.43,202.9702,16.0265,24198.396,4031.4,202.8302,16.0643,24198.4,1,4720.93,-1506.9669,-3567.105,1113.6602,25.51,-14.51,-15.14,33.03,0,0,0,24198.4,13.187481,78.163879,753.830017,13.187481,78.163879,753.8300171,3827.43,4227.43,201.67,204.27,14.83,17.23
57,32,14,3,0,1,4029.28,202.8811,16.034,24198.9,4029.28,202.8811,16.034,24198.9,0,0,-1505.7207,-3567.814,1112.9211,25.51,-14.51,-15.14,33.03,0,0,0,24198.9,13.187481,78.163879,753.830017,13.187481,78.163879,753.8300171,3829.28,4229.28,201.58,204.18,14.83,17.23
57,32,14,3,0,1,4028.55,202.4499,15.813,24199.449,4045.97,202.4432,16.3455,24199.492,1,3664.75,-1481.1083,-3585.0693,1116.2836,25.01,-15.94,-5.3,30.13,0,0,0,24199.49,13.187481,78.163879,753.830017,13.187481,78.163879,753.8300171,3828.55,4228.55,201.15,203.75,14.61,17.01
57,32,14,3,0,1,4038.18,202.2316,16.0083,24199.992,4046.04,202.4003,15.754,24199.99,1,3816.22,-1475.374,-3596.1282,1107.0765,21.37,-17.49,-8.69,28.95,0,0,0,24199.99,13.187481,78.163879,753.830017,13.187481,78.163879,753.8300171,3838.18,4238.18,200.93,203.53,14.81,17.21
57,32,14,3,0,1,4044.31,202.1123,15.8227,24200.49,4046.07,202.6088,16.4879,24200.48,1,12045.99,-1476.287,-3595.1184,1123.3956,15.17,-12.64,1.91,19.83,0,0,0,24200.48,13.187481,78.163879,753.830017,13.187481,78.163879,753.8300171,3844.31,4244.31,200.81,203.41,14.62,17.02
57,32,14,3,0,1,4048.65,202.1861,16.1235,24200.98,4034.85,201.8949,16.0261,24200.967,1,5589.76,-1459.0677,-3600.165,1119.822,20.34,-12,-0.44,23.62,0,0,0,24200.97,13.187481,78.163879,753.830017,13.187481,78.163879,753.8300171,3848.65,4248.65,200.89,203.49,14.92,17.32
57,32,14,3,0,1,4044.41,201.8895,16.0709,24201.467,4035.76,202.168,16.186,24201.484,1,7951.91,-1454.6163,-3599.4072,1121.7155,17.26,-8.62,0.67,19.3,0,0,0,24201.48,13.187481,78.163879,753.830017,13.187481,78.163879,753.8300171,3844.41,4244.41,200.59,203.19,14.87,17.27
57,32,14,3,0,1,4041.86,201.8631,16.1175,24201.984,4035.63,202.1133,16.3273,24202.033,1,7823.69,-1451.0134,-3597.4492,1127.0338,14.54,-5.47,3.3,15.88,0,0,0,24202.03,13.187481,78.163879,753.830017,13.187481,78.163879,753.8300171,3841.86,4241.86,200.56,203.16,14.92,17.32
57,32,14,3,0,1,4039.76,201.8518,16.224,24202.533,4034.23,202.264,16.2297,24202.523,1,4722.55,-1453.7681,-3594.0168,1128.2148,9.1,-2.37,3.06,9.89,0,0,0,24202.52,13.187481,78.163879,753.830017,13.187481,78.163879,753.8300171,3839.76,4239.76,200.55,203.15,15.02,17.42
57,71,14,3,0,1,3561.32,155.8054,11.0705,24531.279,3528.48,156.3082,10.033,24531.275,1,22956.52,1407.1256,-3183.5264,636.3912,-14.05,-6.69,14.02,20.95,0,0,0,24531.28,13.187484,78.163879,753.97998,13.187484,78.163879,753.9799805,1536.79,5585.86,153.21,158.41,8.67,13.47
57,71,13,3,0,1,3539.83,156.2825,10.4725,24531.775,3526.63,155.661,9.7741,24531.811,1,5978.83,1418.8723,-3174.8787,617.4819,1.08,3.11,-6.94,7.68,0,0,0,24531.81,13.187484,78.163879,753.969971,13.187484,78.163879,753.9699707,3339.83,3739.83,154.98,157.58,9.27,11.67
57,89,14,3,0,1,3585.79,162.8645,18.3981,25040.068,3582.03,162.7401,18.2351,25040.08,1,23932.08,1007.287,-3249.6704,1124.2583,-3.28,13.7,-3.38,14.49,0,0,0,25040.08,13.187484,78.163879,753.880005,13.187484,78.163879,753.8800049,1490.95,5680.64,160.26,165.46,16,20.8
57,89,14,3,0,1,3575.94,162.7706,18.2958,25040.58,3579.81,161.868,18.598,25040.582,1,23700.8,1034.8048,-3231.925,1133.6476,20.18,22.61,5.52,30.8,0,0,0,25040.58,13.187484,78.163879,753.880005,13.187484,78.163879,753.8800049,3375.94,3775.94,161.47,164.07,17.1,19.5
57,89,14,3,0,1,3571.5,162.0249,18.5534,25041.082,3566.25,162.2727,18.1239,25041.152,1,24169.59,1037.4795,-3225.1289,1120.8378,14.23,18.97,-6.96,24.71,0,0,0,25041.15,13.187484,78.163879,753.880005,13.187484,78.163879,753.8800049,3371.5,3771.5,160.72,163.32,17.35,19.75
57,89,14,3,0,1,3567.45,162.1454,18.3036,25041.652,3567.45,162.1454,18.3036,25041.652,0,0,1038.4519,-3223.8328,1120.3621,14.23,18.97,-6.96,24.71,0,0,0,25041.65,13.187484,78.163879,753.880005,13.187484,78.163879,753.8800049,3367.45,3767.45,160.85,163.45,17.1,19.5
57,89,14,3,0,1,3552.18,161.8135,18.2659,25042.23,3566.22,162.1023,18.4309,25042.266,1,32536.39,1045.5784,-3212.9597,1121.1716,9.11,13.16,-1.43,16.07,0,0,0,25042.27,13.187484,78.163879,753.880005,13.187484,78.163879,753.8699951,3352.18,3752.18,160.51,163.11,17.07,19.47
57,89,14,3,0,1,3555.15,161.8656,18.3708,25042.766,3552.83,162.8264,18.518,25042.787,1,22386.63,1021.1627,-3212.7534,1124.5916,-9.07,9.25,1.17,13,0,0,0,25042.79,13.187484,78.163879,753.869995,13.187484,78.163879,753.8699951,3355.15,3755.15,160.57,163.17,17.17,19.57
57,89,14,3,0,1,3548.47,162.417,18.4869,25043.287,3552.42,162.7355,18.1144,25043.328,1,25128.98,1009.5091,-3215.8909,1115.0581,-13.18,4.94,-4.69,14.84,0,0,0,25043.33,13.187484,78.163879,753.869995,13.187484,78.163879,753.8699951,3348.47,3748.47,161.12,163.72,17.29,19.69
57,89,14,3,0,1,3545.43,162.6667,18.2911,25043.828,3551.27,162.8679,18.1587,25043.863,1,27682.88,998.7953,-3218.5144,1109.9501,-15.46,2.29,-6.22,16.82,0,0,0,25043.86,13.187484,78.163879,753.869995,13.187484,78.163879,753.8699951,3345.43,3745.43,161.37,163.97,17.09,19.49
57,89,14,3,0,1,3543.84,162.8793,18.1996,25044.363,3536.35,162.7651,17.979,25044.363,1,31827.98,993.5464,-3215.3308,1099.9983,-14.11,3.32,-9.93,17.58,0,0,0,25044.36,13.187484,78.163879,753.869995,13.187484,78.163879,753.8699951,3343.84,3743.84,161.58,164.18,17,19.4
57,89,14,3,0,1,3535.53,162.9353,18.0425,25044.863,3536.33,162.6045,18.4867,25044.904,1,31253.15,993.5499,-3208.1619,1106.4714,-10.3,6.06,-3.73,12.52,0,0,0,25044.9,13.187484,78.163879,753.869995,13.187484,78.163879,753.8699951,3335.53,3735.53,161.64,164.24,16.84,19.24
57,89,14,3,0,1,3531.28,162.8613,18.2284,25045.404,3536.34,162.9391,18.7731,25045.424,1,33850.6,985.7841,-3203.3918,1118.9546,-11.72,6.93,4.08,14.21,0,0,0,25045.42,13.187484,78.163879,753.869995,13.187484,78.163879,753.8699951,3331.28,3731.28,161.56,164.16,17.03,19.43
57,89,14,3,0,1,3529.37,162.9737,18.519,25045.924,3536.36,162.574,18.636,25045.943,1,35833.91,989.9703,-3198.8088,1124.8595,-6.24,7.49,6.19,11.55,0,0,0,25045.94,13.187484,78.163879,753.869995,13.187484,78.163879,753.8699951,3329.37,3729.37,161.67,164.27,17.32,19.72
57,89,14,3,0,1,3529.11,162.8358,18.6396,25046.443,3536.38,162.3654,18.7592,25046.492,1,26201.93,998.5605,-3193.5088,1131.9132,0.17,8.27,8.36,11.76,0,0,0,25046.49,13.187484,78.163879,753.869995,13.187484,78.163879,753.8699951,3329.11,3729.11,161.54,164.14,17.44,19.84
57,89,13,3,0,1,3529.89,162.6138,18.7748,25046.992,3536.41,163.3342,18.1976,25047.02,1,3234.45,983.7336,-3200.9177,1122.6079,-8.01,2.45,0.96,8.43,0,0,0,25047.02,13.187484,78.163879,753.869995,13.187484,78.163879,753.8699951,3329.89,3729.89,161.31,163.91,17.57,19.97
57,48,14,3,0,1,3705.3,185.0986,12.392,25380.678,3746.6,185.068,11.9169,25380.697,1,44320.27,-323.1332,-3638.092,780.5342,-2.93,-2.58,5.09,6.41,0,0,0,25380.7,13.187452,78.163902,753.22998,13.187452,78.163902,753.2299805,1624.51,5786.08,182.5,187.7,9.99,14.79
57,28,14,3,0,1,3789.56,183.984,4.2169,25803.623,3778.4,183.9788,4.2555,25803.688,1,97922.87,-261.8123,-3762.1196,279.8094,-0.75,-19.71,-9.23,21.78,0,0,0,25803.69,13.187425,78.163719,751.960022,13.187425,78.163719,751.960022,1640.81,5938.31,181.38,186.58,1.82,6.62
57,28,14,3,0,1,3791.08,183.9762,4.1628,25804.188,3794.22,184.1295,4.1076,25804.252,1,273550.22,-268.0922,-3773.5603,273.2467,-5.43,-21.01,-10.79,24.24,0,0,0,25804.25,13.187425,78.163719,751.960022,13.187425,78.163719,751.960022,3591.08,3991.08,182.68,185.28,2.96,5.36
57,28,14,3,0,1,3803.19,184.0934,4.0386,25804.752,3794.64,184.2587,4.1412,25804.732,1,131827.75,-276.6207,-3778.3708,271.3664,-10.03,-16.41,-7.97,20.82,0,0,0,25804.73,13.187425,78.163719,751.960022,13.187425,78.163719,751.960022,3603.19,4003.19,182.79,185.39,2.84,5.24
57,28,14,3,0,1,3806.44,184.2537,4.0282,25805.232,3800.31,184.3193,4.6122,25805.246,1,4031.84,-283.6256,-3783.2251,288.261,-11.42,-14.06,6.92,19.39,0,0,0,25805.25,13.187425,78.163719,751.960022,13.187425,78.163719,751.9500122,3606.44,4006.44,182.95,185.55,2.83,5.23
57,28,14,3,0,1,3805.29,184.2926,4.3479,25805.746,3805.29,184.2926,4.3479,25805.746,0,0,-284.005,-3783.6919,288.4909,-11.42,-14.06,6.92,19.39,0,0,0,25805.75,13.187425,78.163719,751.950012,13.187425,78.163719,751.9500122,3605.29,4005.29,182.99,185.59,3.15,5.55
57,28,14,3,0,1,3821.29,184.4544,4.4381,25806.32,3790.41,184.6473,4.0674,25806.34,1,24191.79,-301.2933,-3780.2542,281.6136,-14.78,-3.5,-2.1,15.33,0,0,0,25806.34,13.187425,78.163719,751.950012,13.187425,78.163719,751.9500122,3621.29,4021.29,183.15,185.75,3.24,5.64
57,28,14,3,0,1,3804.94,184.666,4.2286,25806.84,3789.24,184.7828,4.1672,25806.855,1,21642.03,-311.7762,-3776.9021,278.0027,-16.54,-0.81,-3.63,16.96,0,0,0,25806.86,13.187425,78.163719,751.950012,13.187425,78.163719,751.9500122,3604.94,4004.94,183.37,185.97,3.03,5.43
57,28,13,3,0,1,3800.89,184.843,4.167,25807.355,3669.97,185.2041,3.7385,25807.443,1,13349.23,-325.7718,-3732.2432,258.2238,-19.66,20.68,-14.02,31.79,0,0,0,25807.44,13.187425,78.163719,751.950012,13.187425,78.163719,751.9500122,3600.89,4000.89,183.54,186.14,2.97,5.37
57,28,13,3,0,1,3745.44,185.1524,3.8458,25807.943,3670.93,185.4587,3.9674,25808.008,1,31445.66,-341.372,-3679.8076,252.5119,-22.75,39.27,-13.27,47.28,0,0,0,25808.01,13.187425,78.163719,751.950012,13.187425,78.163719,751.9500122,3545.44,3945.44,183.85,186.45,2.65,5.05
57,28,13,3,0,1,3685.34,185.5049,3.8254,25808.508,3673.54,185.3165,3.67,25808.535,1,58663.25,-347.0469,-3655.5818,240.9864,-19.69,41.3,-16.11,48.51,0,0,0,25808.54,13.187425,78.163719,751.950012,13.187425,78.163719,751.9500122,3485.34,3885.34,184.2,186.8,2.63,5.03
57,28,13,3,0,1,3659.83,185.6076,3.6491,25809.035,3703.5,185.2395,4.2217,25809.072,1,52521.75,-348.6258,-3645.5034,250.5129,-15.22,36.44,-5.83,39.92,0,0,0,25809.07,13.187425,78.163719,751.950012,13.187425,78.163719,751.9500122,3459.83,3859.83,184.31,186.91,2.45,4.85
57,28,13,3,0,1,3653.14,185.609,3.8863,25809.572,3670,185.4056,4.1272,25809.568,1,49985.89,-350.9972,-3632.0186,255.0188,-12.38,34.29,-1.48,36.48,0,0,0,25809.57,13.187425,78.163719,751.950012,13.187425,78.163719,751.9500122,3453.14,3853.14,184.31,186.91,2.69,5.09
57,28,13,3,0,1,3641.37,185.6431,4.0044,25810.068,3681.59,185.2206,3.7811,25810.053,1,63350.82,-347.0423,-3628.1147,249.1483,-6.78,28.44,-4.5,29.58,0,0,0,25810.05,13.187425,78.163719,751.950012,13.187425,78.163719,751.9400024,3441.37,3841.37,184.34,186.94,2.8,5.2
57,28,13,3,0,1,3639.23,185.5386,3.8902,25810.553,3687.43,185.5261,3.9043,25810.561,1,109436.8,-352.1038,-3629.2361,248.7623,-7.72,21.86,-3.4,23.43,0,0,0,25810.56,13.187425,78.163719,751.940002,13.187425,78.163719,751.9400024,3439.23,3839.23,184.24,186.84,2.69,5.09
57,28,13,3,0,1,3644.16,185.6186,3.8874,25811.061,3699.97,185.5703,3.9345,25811.059,1,57767.69,-356.9696,-3636.5591,250.0896,-8.28,14.22,-1.62,16.54,0,0,0,25811.06,13.187425,78.163719,751.940002,13.187425,78.163719,751.9400024,3444.16,3844.16,184.32,186.92,2.69,5.09
57,28,13,3,0,1,3655.88,185.6819,3.9098,25811.559,3692.72,185.4568,3.9228,25811.545,1,48676.35,-356.3912,-3649.4526,250.7823,-5.62,5.99,-0.74,8.25,0,0,0,25811.54,13.187425,78.163719,751.940002,13.187425,78.163719,751.9400024,3455.88,3855.88,184.38,186.98,2.71,5.11
57,4,14,3,0,1,3935.94,184.1736,13.6044,26347.418,3935.94,184.1736,13.6044,26347.418,0,0,-278.4174,-3815.3604,925.8002,-10.35,6.73,-0.78,12.37,0,0,0,26347.42,13.187425,78.163719,752.679993,13.187425,78.163719,752.6799927,2071.08,5820.15,181.82,187.02,11.46,16.26
57,4,13,3,0,1,3935.09,184.1967,13.6058,26348.061,3935.09,184.1967,13.6058,26348.061,0,0,-279.8935,-3814.4016,925.6887,-10.35,6.73,-0.78,12.37,0,0,0,26348.06,13.187425,78.163719,752.679993,13.187425,78.163719,752.6799927,3735.09,4135.09,182.9,185.5,12.41,14.81
57,4,12,4,0,1,3931.56,184.2927,13.6113,26348.652,3931.56,184.2927,13.6113,26348.652,0,0,-286.0204,-3810.4207,925.2264,-10.35,6.73,-0.78,12.37,0,0,0,26348.65,13.187425,78.163719,752.679993,13.187425,78.163719,752.6799927,3731.56,4131.56,182.99,185.59,12.41,14.81
57,4,11,4,0,1,3927.78,184.3962,13.6172,26349.289,3927.78,184.3962,13.6172,26349.289,0,0,-292.6125,-3806.1379,924.7292,-10.35,6.73,-0.78,12.37,0,0,0,26349.29,13.187425,78.163719,752.679993,13.187425,78.163719,752.6799927,3727.78,4127.78,183.1,185.7,12.42,14.82
57,4,10,4,0,1,3924.16,184.4957,13.6228,26349.9,3924.16,184.4957,13.6228,26349.9,0,0,-298.9418,-3802.0259,924.2516,-10.35,6.73,-0.78,12.37,0,0,0,26349.9,13.187425,78.163719,752.679993,13.187425,78.163719,752.6799927,3724.16,4124.16,183.2,185.8,12.42,14.82
57,80,12,3,0,1,32914.2,220.4917,2.3648,26827.281,32909,219.2239,3.237,26827.32,1,70434.07,-21016.3965,-25274.7695,1641.6395,-4.01,-4.74,193.11,193.21,0,0,0,26827.32,13.187425,78.163727,752.76001,13.187425,78.163727,752.7600098,30983.41,34844.98,217.89,223.09,0,4.76
57,80,13,3,0,1,32920.03,219.7441,3.0267,26827.82,32919.64,219.5499,3.1253,26827.82,1,53383.81,-20972.7422,-25312.7461,1766.8231,27.31,-29.48,212.41,216.18,0,0,0,26827.82,13.187425,78.163727,752.76001,13.187425,78.163727,752.7600098,32720.03,33120.03,218.44,221.04,1.83,4.23
57,80,11,3,0,1,32937.16,219.5738,3.445,26828.82,32926.82,220.5354,3.6029,26828.859,1,9902.84,-21221.5723,-25100.4629,2037.9824,-126.78,106.34,244.75,295.44,0,0,0,26828.86,13.187425,78.163727,752.76001,13.187425,78.163727,752.7600098,32737.16,33137.16,218.27,220.87,2.25,4.65
57,80,11,3,0,1,32933.03,220.2252,3.5654,26829.359,32933.03,220.2252,3.5654,26829.359,0,0,-21226.7695,-25096.1035,2048.0212,-126.78,106.34,244.75,295.44,0,0,0,26829.36,13.187425,78.163727,752.76001,13.187425,78.163727,752.7600098,32733.03,33133.03,218.93,221.53,2.37,4.77
57,80,10,3,0,1,32941.14,220.3666,3.7736,26829.891,32941.14,220.3666,3.7736,26829.891,0,0,-21288.9238,-25043.9648,2168.0081,-126.78,106.34,244.75,295.44,0,0,0,26829.89,13.187425,78.163727,752.76001,13.187425,78.163727,752.7600098,32741.14,33141.14,219.07,221.67,2.57,4.97
57,80,9,4,0,1,32950.97,220.5249,4.0066,26830.439,32950.97,220.5249,4.0066,26830.439,0,0,-21358.5039,-24985.6016,2302.3357,-126.78,106.34,244.75,295.44,0,0,0,26830.44,13.187425,78.163727,752.76001,13.187425,78.163727,752.7600098,32750.97,33150.97,219.22,221.82,2.81,5.21
57,80,8,4,0,1,32960.63,220.6691,4.2187,26830.939,32960.63,220.6691,4.2187,26830.939,0,0,-21421.8887,-24932.4316,2424.7129,-126.78,106.34,244.75,295.44,0,0,0,26830.94,13.187425,78.163727,752.76001,13.187425,78.163727,752.7600098,32760.63,33160.63,219.37,221.97,3.02,5.42
57,80,7,4,0,1,32973.07,220.842,4.4729,26831.539,32973.07,220.842,4.4729,26831.539,0,0,-21497.9082,-24868.668,2571.47,-126.78,106.34,244.75,295.44,0,0,0,26831.54,13.187425,78.163727,752.76001,13.187425,78.163727,752.7600098,32773.07,33173.07,219.54,222.14,3.27,5.67
57,83,7,3,0,1,5703.73,209.1257,11.4785,27421.572,5703.73,209.1257,11.4785,27421.572,0,0,-2720.6353,-4882.8599,1135.0472,-33.06,-20.43,125.46,131.35,0,0,0,27421.57,13.187425,78.163727,752.690002,13.187425,78.163727,752.6900024,3714.31,7294.62,205.51,210.71,6.02,10.82
57,83,6,4,0,1,5710.61,209.1486,11.6161,27422.189,5710.61,209.1486,11.6161,27422.189,0,0,-2724.5352,-4885.2695,1149.8481,-33.06,-20.43,125.46,131.35,0,0,0,27422.19,13.187425,78.163727,752.690002,13.187425,78.163727,752.6900024,5510.61,5910.61,207.85,210.45,10.42,12.82
57,83,5,4,0,1,5742.04,209.2512,12.2313,27422.721,5742.04,209.2512,12.2313,27422.721,0,0,-2742.0972,-4896.1255,1216.5009,-33.06,-20.43,125.46,131.35,0,0,0,27422.72,13.187425,78.163727,752.690002,13.187425,78.163727,752.6900024,5542.04,5942.04,207.95,210.55,11.03,13.43
57,23,14,3,0,1,20179.04,186.8639,1.7457,28225.592,20179.04,186.8639,1.7457,28225.592,0,0,-2410.5117,-20025.1133,614.7362,106.14,-12.16,-20.83,108.85,0,0,0,28225.59,13.187428,78.163902,752.780029,13.187428,78.163902,752.7800293,18424.43,21920.36,184.51,189.71,0,4.1
57,23,13,3,0,1,20178.92,186.8343,1.74,28226.189,20178.92,186.8343,1.74,28226.189,0,0,-2400.144,-20026.3008,612.7018,106.14,-12.16,-20.83,108.85,0,0,0,28226.19,13.187428,78.163902,752.780029,13.187428,78.163902,752.7800293,19978.92,20378.92,185.53,188.13,0,4.14
57,23,14,4,0,1,20177.93,186.4828,1.6715,28226.848,20169.92,187.4751,2.2553,28226.848,1,34324.91,-2473.4656,-20002.5703,705.3143,52.1,-1.69,11.32,53.34,0,0,0,28226.85,13.187428,78.163902,752.780029,13.187428,78.163902,752.7800293,19977.99,20377.99,185.22,187.82,0,4.08
57,23,14,3,0,1,20166.95,187.0386,2.0066,28227.348,20166.95,187.0386,2.0066,28227.348,0,0,-2469.7009,-20002.6934,706.132,52.1,-1.69,11.32,53.34,0,0,0,28227.35,13.187428,78.163902,752.780029,13.187428,78.163902,752.7800293,19966.95,20366.95,185.74,188.34,0.81,3.21
57,23,13,3,0,1,20164.85,186.9662,2.0225,28227.91,20164.85,186.9662,2.0225,28227.91,0,0,-2444.1594,-20003.5215,711.6694,52.1,-1.69,11.32,53.34,0,0,0,28227.91,13.187428,78.163902,752.789978,13.187428,78.163902,752.789978,19964.85,20364.85,185.67,188.27,0.82,3.22
57,23,14,4,0,1,20160.11,186.7979,2.0597,28228.551,20169.58,187.1706,2.0303,28228.529,1,64611.38,-2450.8677,-20001.9551,719.5451,4.2,1.18,7.67,8.82,0,0,0,28228.53,13.187428,78.163902,752.789978,13.187428,78.163902,752.789978,19960.11,20360.11,185.5,188.1,0.86,3.26
57,23,14,3,0,1,20163.69,186.98,2.0559,28229.029,20169.84,186.9816,2.326,28229.076,1,43947.39,-2449.2107,-20002.7656,773.0807,3.87,0.02,44.6,44.76,0,0,0,28229.08,13.187428,78.163902,752.789978,13.187428,78.163902,752.789978,19963.69,20363.69,185.68,188.28,0.86,3.26
57,23,14,3,0,1,20167.6,186.9753,2.2602,28229.576,20170.11,186.8992,1.9705,28229.668,1,53671.64,-2434.042,-20008.0371,750.5984,12.38,-3.72,15.8,20.42,0,0,0,28229.67,13.187428,78.163902,752.789978,13.187428,78.163902,752.789978,19967.6,20367.6,185.68,188.28,1.06,3.46
57,23,14,3,0,1,20169.69,186.9339,2.1355,28230.168,20169.69,186.9339,2.1355,28230.168,0,0,-2433.2661,-20008.2695,751.5862,12.38,-3.72,15.8,20.42,0,0,0,28230.17,13.187428,78.163902,752.789978,13.187428,78.163902,752.789978,19969.69,20369.69,185.63,188.23,0.94,3.34
57,23,13,3,0,1,20171.25,186.9137,2.1604,28230.789,20171.25,186.9137,2.1604,28230.789,0,0,-2426.3538,-20010.3496,760.4146,12.38,-3.72,15.8,20.42,0,0,0,28230.79,13.187428,78.163902,752.789978,13.187428,78.163902,752.789978,19971.25,20371.25,185.61,188.21,0.96,3.36
57,23,14,4,0,1,20174.32,186.8742,2.2091,28231.381,20157.18,186.9271,2.0108,28231.451,1,65128.63,-2420.939,-20005.7129,741.2826,7.96,1.57,-3.8,8.96,0,0,0,28231.45,13.187428,78.163902,752.789978,13.187428,78.163902,752.789978,19974.32,20374.32,185.57,188.17,1.01,3.41
57,23,14,3,0,1,20163.96,186.889,2.1014,28231.951,20156.61,186.9684,1.788,28232.012,1,41393.49,-2429.1099,-20001.5859,691.8141,2.24,3.37,-25.86,26.17,0,0,0,28232.01,13.187428,78.163902,752.789978,13.187428,78.163902,752.789978,19963.96,20363.96,185.59,188.19,0.9,3.3
57,23,14,3,0,1,20158.17,186.9218,1.93,28232.512,20152.41,186.7246,1.9664,28232.6,1,41800.61,-2399.5151,-20000.834,683.4245,13.98,2.91,-24.01,27.94,0,0,0,28232.6,13.187428,78.163902,752.789978,13.187428,78.163902,752.789978,19958.17,20358.17,185.62,188.22,0,4.33
57,23,14,3,0,1,20153.17,186.8219,1.9092,28233.1,20152.97,186.5635,2.2207,28233.129,1,112416.09,-2358.3643,-20002.1289,716.7132,26.54,1.61,-7.71,27.69,0,0,0,28233.13,13.187428,78.163902,752.789978,13.187428,78.163902,752.789978,19953.17,20353.17,185.52,188.12,0,4.31
57,23,14,3,0,1,20150.95,186.6872,2.0273,28233.629,20152.12,186.799,1.7634,28233.592,1,49116.26,-2358.8618,-20001.166,680.8875,21.95,1.68,-18.14,28.53,0,0,0,28233.59,13.187428,78.163902,752.789978,13.187428,78.163902,752.789978,19950.95,20350.95,185.39,187.99,0.83,3.23
57,23,14,3,0,1,20148.87,186.6954,1.9107,28234.092,20150.38,186.943,2.0593,28234.133,1,50070.79,-2375.9133,-19996.2109,689.7548,13.37,3.57,-12.76,18.82,0,0,0,28234.13,13.187428,78.163902,752.789978,13.187428,78.163902,752.789978,19948.87,20348.87,185.4,188,0,4.31
57,23,14,3,0,1,20145.9,186.7577,1.9439,28234.633,20139.46,186.9168,1.9338,28234.615,1,97318.2,-2385.8716,-19989.5156,682.3813,8.62,5.82,-13.04,16.68,0,0,0,28234.62,13.187428,78.163902,752.789978,13.187428,78.163902,752.789978,19945.9,20345.9,185.46,188.06,0,4.34
57,23,14,3,0,1,20139.34,186.7952,1.9232,28235.115,20139.29,186.9581,2.1633,28235.184,1,194442.58,-2397.731,-19982.8887,701.8309,4.26,7.53,-6.18,10.64,0,0,0,28235.18,13.187428,78.163902,752.789978,13.187428,78.163902,752.789978,19939.34,20339.34,185.5,188.1,0,4.32
57,23,14,3,0,1,20134.36,186.8374,1.9888,28235.684,20139.2,186.8162,2.2771,28235.764,1,129682.91,-2393.6284,-19979.8516,727.6558,4.77,7.2,1.1,8.7,0,0,0,28235.76,13.187428,78.163902,752.789978,13.187428,78.163902,752.789978,19934.36,20334.36,185.54,188.14,0,4.39
